,ho00000686,ho00000687,ho00000690,ho00000755,ho00000758,ho00000765,ho00000807,ho00000849,ho00000851,ho00000860,ho00158208,ho00158321,ho00158327,ho00000776,ho00000778,ho00000779,ho00000780,ho00000781,ho00000783,ho00000785,ho00000786,ho00000787,ho00000788
2000-01-31,7.000000000000001,8.541935483870969,2.412903225806452,4.848387096774194,4.596774193548386,-0.4933333333333334,,2.435483870967742,6.483870967741937,-5.554838709677419,,,,3.4290322580645154,5.20967741935484,3.625806451612903,4.161290322580645,4.348387096774194,4.6258064516129025,4.3516129032258055,3.6677419354838716,4.838709677419355,3.845161290322581
2000-02-29,7.296551724137931,8.193103448275862,2.268965517241379,4.782758620689655,5.451724137931034,-0.07241379310344828,,2.386206896551724,6.286206896551724,-5.365517241379309,,,,2.6413793103448273,4.927586206896551,3.917241379310345,3.9655172413793105,4.210344827586207,5.162068965517241,3.172413793103448,3.4827586206896552,4.8,3.851724137931035
2000-03-31,5.793548387096774,7.648387096774194,1.8838709677419352,4.038709677419354,4.909677419354838,-0.8258064516129032,,1.893548387096774,6.119354838709677,-7.654838709677418,,,,2.35483870967742,4.235483870967742,3.0903225806451617,4.154838709677419,3.680645161290323,4.022580645161291,2.9580645161290318,2.316129032258064,3.8451612903225807,3.1903225806451623
2000-04-30,3.726666666666667,6.526666666666667,0.6,1.47,3.316666666666667,-4.033333333333334,,-0.5299999999999999,5.5,-14.062068965517241,,,,0.3866666666666666,2.613333333333333,-0.10999999999999997,2.5366666666666666,1.8566666666666665,1.2266666666666663,0.3,0.14333333333333337,1.5766666666666667,0.9633333333333332
2000-05-31,0.5161290322580646,3.416129032258065,-1.7225806451612908,-3.3290322580645157,0.8322580645161292,-7.212903225806452,,-4.312903225806452,3.4451612903225803,-17.579310344827586,,,,-2.287096774193548,0.8741935483870968,-3.1548387096774193,1.2032258064516128,0.1774193548387096,-0.6935483870967742,-0.39354838709677425,-2.632258064516129,-0.3,-1.2741935483870965
2000-06-30,-1.0133333333333332,1.7633333333333332,-2.0933333333333333,-6.5233333333333325,-2.4533333333333327,-11.650000000000002,,-7.709999999999999,0.9966666666666667,-13.822222222222221,,6.324,,-3.4,-0.55,-5.746666666666666,-0.29333333333333333,-1.353333333333333,-3.8600000000000003,-0.4,-4.920000000000001,-1.9200000000000002,-2.943333333333333
2000-07-31,-0.40967741935483865,1.561290322580645,-2.1806451612903226,-9.212903225806452,-2.9774193548387093,-12.722580645161292,,-9.070967741935483,0.5645161290322581,-14.28709677419355,,6.66774193548387,,-3.4,-1.0612903225806454,-7.3354838709677415,-1.5967741935483872,-1.816129032258064,-3.9741935483870967,-3.283870967741936,-6.364516129032259,-2.483870967741936,-3.796774193548388
2000-08-31,2.4935483870967747,3.925806451612903,-0.14838709677419348,-7.796774193548386,-0.5774193548387098,-9.983870967741936,,-6.264516129032257,3.025806451612903,-11.609677419354838,,7.996774193548388,,-2.054838709677419,1.0774193548387097,-4.461290322580646,0.8774193548387098,0.33870967741935487,-1.3193548387096774,-0.5774193548387097,-3.158064516129032,-0.3516129032258066,-1.3999999999999995
2000-09-30,3.5766666666666667,5.036666666666667,1.2666666666666666,-8.05,0.06333333333333337,-10.58666666666667,,-6.706666666666665,3.0333333333333328,-10.16,,7.096666666666667,,-1.3633333333333335,2.086666666666667,-3.226666666666666,1.93,1.0233333333333332,-0.8666666666666668,0.6266666666666668,-1.5366666666666666,0.6266666666666666,-0.7766666666666667
2000-10-31,5.158064516129031,7.000000000000001,2.8266666666666675,-2.9129032258064513,1.7,-5.825806451612903,,-3.2580645161290325,5.109677419354839,-8.432258064516128,,8.474193548387097,,1.0580645161290323,3.251612903225806,0.529032258064516,3.061290322580646,2.893548387096774,2.261290322580645,1.9645161290322581,1.335483870967742,2.3806451612903228,1.5935483870967744
2000-11-30,4.453333333333333,6.923333333333333,3.380000000000001,-6.956666666666667,1.1300000000000001,-9.419999999999998,,-6.076666666666666,3.7666666666666675,-12.233333333333333,,6.883333333333332,,0.59,3.31,-1.6,3.146666666666667,2.726666666666667,1.5233333333333332,2.6633333333333336,0.8433333333333334,2.466666666666667,0.42666666666666664
2000-12-31,4.699999999999998,7.2774193548387105,3.7225806451612913,-0.5580645161290324,3.6193548387096777,-3.1935483870967736,,-0.34516129032258064,5.977419354838709,-5.290322580645161,,8.596774193548388,,1.9580645161290324,3.906451612903226,1.4387096774193546,3.761290322580645,3.541935483870968,3.4000000000000004,2.867741935483872,2.5419354838709673,3.667741935483871,2.3096774193548395
2001-01-31,5.935483870967743,8.625806451612904,4.553333333333334,1.3709677419354842,4.054838709677419,-0.38064516129032266,,2.0193548387096776,6.329032258064516,-0.6451612903225806,,8.503225806451614,,2.9806451612903233,5.209677419354839,4.051612903225807,4.17741935483871,4.329032258064516,4.748387096774193,4.1967741935483875,3.5967741935483875,4.725806451612903,3.987096774193548
2001-02-28,5.5249999999999995,8.371428571428572,4.785714285714286,1.9892857142857145,5.1607142857142865,0.47500000000000003,,2.632142857142857,6.9750000000000005,0.5321428571428571,,9.114285714285714,,3.396428571428572,5.017857142857144,4.546428571428572,4.639285714285714,4.4714285714285715,5.192857142857143,3.1607142857142856,3.535714285714286,4.710714285714286,3.525000000000001
2001-03-31,5.329032258064518,8.351612903225808,4.496774193548387,2.274193548387097,4.8193548387096765,-0.09032258064516134,,2.4096774193548387,6.590322580645163,-2.012903225806452,,8.916129032258066,,3.116129032258064,4.670967741935484,3.599999999999999,4.332258064516129,4.15483870967742,4.661290322580646,3.2096774193548385,2.8161290322580643,3.838709677419355,4.3
2001-04-30,2.513333333333333,5.906666666666666,2.4400000000000004,0.18333333333333332,3.6566666666666663,-2.12,,0.42333333333333345,5.97,-6.1433333333333335,,8.446666666666665,,1.0966666666666665,2.8533333333333335,1.0299999999999998,3.26,2.6466666666666665,2.256666666666667,0.6966666666666667,0.22999999999999993,2.1266666666666665,1.8566666666666665
2001-05-31,0.4322580645161289,3.8580645161290326,0.8516129032258065,-3.3103448275862064,0.04193548387096775,-6.4806451612903215,,-4.33225806451613,3.1483870967741927,-10.370967741935484,,7.17741935483871,,-1.3290322580645164,0.6967741935483869,-2.8129032258064512,1.783870967741935,0.8774193548387097,-0.08064516129032266,-0.13548387096774198,-2.2161290322580647,0.4096774193548387,-1.493548387096774
2001-06-30,-0.7066666666666667,1.9766666666666666,-0.8888888888888887,-5.24,-1.2,-8.5,,-6.286666666666667,2.3399999999999994,-13.983333333333333,,7.81,,-3.0066666666666673,-1.4366666666666668,-5.123333333333333,0.44666666666666655,-1.1633333333333336,-2.63,-0.7366666666666666,-4.376666666666666,-1.2133333333333334,-3.223333333333333
2001-07-31,0.04838709677419355,2.148387096774193,-1.393548387096774,-7.183870967741936,-2.3483870967741933,-11.467741935483868,,-8.716129032258063,1.32258064516129,-16.75483870967742,,7.080645161290323,,-4.041935483870968,-3.164516129032258,-6.509677419354838,-0.5580645161290323,-1.3419354838709678,-2.929032258064516,-3.825806451612903,-5.538709677419355,-1.6451612903225805,-4.580645161290323
2001-08-31,-0.9290322580645161,1.7548387096774194,-2.1548387096774193,-5.070967741935483,-1.3322580645161293,-9.248387096774191,,-6.9387096774193555,3.193548387096774,-13.838709677419354,,7.932258064516129,,-3.393548387096774,-3.290322580645162,-5.280645161290322,-0.10645161290322595,-1.4193548387096775,-2.448387096774194,-3.0483870967741935,-4.774193548387097,-1.3483870967741935,-3.2741935483870965
2001-09-30,3.12,5.930000000000001,1.38,-3.08,1.0566666666666666,-7.533333333333334,,-6.296666666666666,4.21,-12.690000000000001,,7.593333333333334,,0.2633333333333333,2.3966666666666674,-1.3,3.0133333333333336,1.6800000000000002,0.5066666666666666,0.8600000000000002,-0.6133333333333333,1.3166666666666667,0.6133333333333333
2001-10-31,4.2064516129032254,7.483870967741935,3.50967741935484,-0.9838709677419357,2.1193548387096772,-6.464516129032258,,-4.725806451612903,5.364516129032259,-12.864516129032259,,7.93548387096774,,1.6483870967741934,4.274193548387097,0.1806451612903226,3.416129032258065,2.6741935483870964,1.9967741935483874,1.1516129032258065,1.3903225806451611,2.819354838709677,1.9774193548387096
2001-11-30,4.576666666666667,7.990000000000001,4.566666666666666,-0.35666666666666674,2.0766666666666667,-5.786666666666667,,-4.7733333333333325,5.0166666666666675,-11.666666666666666,,7.076666666666667,,2.086666666666667,4.846666666666666,0.9866666666666667,4.33,3.26,2.656666666666667,1.8533333333333337,2.6533333333333338,3.7733333333333334,3.3166666666666655
2001-12-31,4.458064516129033,8.003225806451615,4.6000000000000005,0.5774193548387097,2.780645161290323,-4.232258064516128,,-5.775,6.087096774193549,-9.754838709677419,,7.719354838709677,,2.8548387096774195,5.1,1.5290322580645161,3.680645161290323,3.483870967741935,3.380645161290322,3.2129032258064525,3.24516129032258,3.92258064516129,3.4548387096774187
2002-01-31,4.783870967741937,8.09032258064516,4.651612903225806,2.5548387096774197,3.148387096774193,-3.4387096774193546,,,6.12258064516129,-8.312903225806453,,7.841935483870967,,3.1322580645161286,4.683870967741935,2.490322580645161,4.112903225806452,3.6903225806451605,4.180645161290323,4.325806451612904,3.438709677419355,4.4806451612903215,3.8354838709677406
2002-02-28,5.85,8.707142857142857,5.0857142857142845,5.142857142857143,4.3999999999999995,-0.022222222222222268,,,7.1571428571428575,-2.8535714285714286,,8.557142857142859,,3.9428571428571435,5.517857142857143,4.860714285714286,4.778571428571429,4.892857142857144,5.614285714285715,4.5928571428571425,3.9357142857142864,5.132142857142858,5.192857142857143
2002-03-31,5.4,8.748387096774193,4.871428571428572,4.683870967741935,4.206451612903226,-0.9096774193548387,,,6.9225806451612915,-4.103225806451612,,8.674193548387098,,3.012903225806452,5.080645161290324,3.6709677419354843,4.629032258064517,4.322580645161289,4.451612903225806,4.241935483870968,3.3354838709677415,4.319354838709677,4.574193548387095
2002-04-30,3.79,7.499999999999999,3.5933333333333337,2.6700000000000004,2.8766666666666665,-1.4633333333333334,,,5.873333333333334,-6.536666666666667,,7.923333333333335,,1.8800000000000001,4.513333333333333,2.1666666666666665,4.033333333333333,3.27,3.3166666666666673,2.6966666666666668,1.9933333333333332,3.256666666666667,3.43
2002-05-31,0.18064516129032257,3.819354838709677,0.34516129032258064,-1.5967741935483868,0.13548387096774198,-4.206451612903226,,,4.470967741935483,-11.009677419354839,,8.66774193548387,,-0.5774193548387097,2.6806451612903235,-1.567741935483871,2.148387096774193,0.9580645161290323,0.39032258064516134,1.2838709677419353,-1.3741935483870968,0.7774193548387096,-0.15161290322580645
2002-06-30,-0.3866666666666666,2.9299999999999997,-0.08000000000000002,-4.44,-1.1700000000000002,-7.963333333333335,,,3.3166666666666655,-15.366666666666665,,8.516666666666667,,-2.2766666666666664,1.75,-4.256666666666667,0.65,-0.7566666666666667,-2.2933333333333334,2.0933333333333333,-3.46,-0.5033333333333333,-2.3599999999999994
2002-07-31,-0.1419354838709677,2.503225806451613,-0.31612903225806455,-4.048387096774193,-1.229032258064516,-7.6258064516129025,,,1.9967741935483871,-12.93225806451613,,7.083870967741935,,-2.6903225806451614,-1.9935483870967743,-4.974193548387097,-0.5161290322580645,-1.1516129032258065,-2.3806451612903228,-1.9677419354838712,-4.335483870967742,-1.4258064516129028,-3.3967741935483864
2002-08-31,0.15483870967741933,3.203225806451613,-0.9935483870967741,-4.922580645161289,0.15161290322580645,-8.92258064516129,,,3.280645161290323,-15.574193548387097,,9.025806451612903,,-2.0258064516129033,-1.1290322580645162,-4.564516129032258,0.4645161290322581,-0.3709677419354839,-1.2225806451612902,-0.4677419354838709,-3.293548387096774,-0.5354838709677421,-2.387096774193548
2002-09-30,2.9200000000000004,5.793333333333334,1.54,-2.15,1.4833333333333334,-7.446666666666666,,,3.9933333333333336,-12.919999999999998,,8.089999999999998,,0.30333333333333334,2.5899999999999994,-1.2666666666666668,2.496666666666667,1.693333333333333,0.9400000000000001,2.04,-0.7333333333333335,1.5133333333333332,0.08666666666666668
2002-10-31,4.606451612903226,7.816129032258065,3.148387096774195,0.05161290322580644,2.967741935483871,-4.77741935483871,,,5.706451612903227,-11.59032258064516,,8.819354838709677,,3.0129032258064514,4.6580645161290315,1.993548387096774,3.6225806451612903,2.9741935483870967,2.9516129032258065,3.1967741935483867,1.2451612903225806,3.048387096774193,2.6290322580645156
2002-11-30,4.373333333333334,7.663333333333333,3.513333333333334,1.09,3.1333333333333333,-4.096666666666667,,,5.796666666666667,-11.320689655172414,,8.763333333333332,,2.3,4.650000000000001,2.0566666666666666,3.869999999999999,3.5000000000000004,3.3433333333333324,4.076666666666666,2.1799999999999997,3.4699999999999998,2.8066666666666658
2002-12-31,5.264516129032258,8.9,4.47741935483871,2.5580645161290323,4.129032258064517,-1.9193548387096775,,,6.574193548387095,-7.925806451612904,,9.141935483870968,,3.5741935483870972,5.606451612903225,2.8193548387096774,4.558064516129034,4.119354838709677,4.3419354838709685,4.890322580645161,3.212903225806451,4.519354838709678,3.3548387096774186
2003-01-31,5.225806451612903,8.941935483870969,4.864516129032259,3.732258064516129,4.641935483870967,-0.4903225806451612,,,7.093548387096775,-5.267741935483872,0.12258064516129029,9.316129032258065,,3.7999999999999994,5.983870967741935,3.793548387096774,4.593548387096774,4.361290322580645,4.396774193548388,5.145161290322581,4.248387096774193,4.870967741935483,5.451612903225807
2003-02-28,6.128571428571429,9.153571428571428,5.142857142857144,4.410714285714286,4.714285714285714,-0.14285714285714285,,,7.2,-5.657142857142858,-0.8642857142857144,9.332142857142857,,3.217857142857143,6.067857142857143,4.425,4.957142857142857,4.528571428571429,5.114285714285714,4.557142857142858,4.303571428571428,4.771428571428571,5.42857142857143
2003-03-31,5.735483870967742,8.703225806451613,4.961290322580645,3.503225806451613,4.270967741935484,-0.4689655172413793,,,6.764516129032257,-6.990322580645162,-1.2419354838709677,9.316129032258063,,3.180645161290322,5.880645161290322,3.454838709677419,4.325806451612904,4.258064516129032,3.9161290322580644,4.4806451612903215,3.712903225806452,4.048387096774194,5.041935483870967
2003-04-30,3.0466666666666673,6.33,2.4466666666666668,0.47000000000000003,2.386666666666667,-3.2733333333333334,,,5.34,-11.676666666666668,-4.886666666666668,9.02,,1.6233333333333335,4.243333333333333,0.32000000000000006,2.979999999999999,2.7166666666666677,2.1966666666666663,1.9933333333333336,1.5366666666666666,2.226666666666666,2.3100000000000005
2003-05-31,0.9096774193548388,3.8483870967741938,0.10967741935483875,-2.7290322580645165,0.8290322580645163,-6.496774193548388,,,3.8516129032258073,-15.580645161290324,-8.541935483870967,9.058064516129031,,-1.3161290322580643,3.0419354838709682,-3.374193548387097,1.6000000000000003,0.23548387096774195,-1.096774193548387,0.8645161290322579,-1.2580645161290323,0.2838709677419355,-0.5806451612903226
2003-06-30,-1.1533333333333333,1.5133333333333332,-1.6799999999999997,-7.813333333333334,-1.6199999999999999,-11.266666666666664,,-8.961904761904762,2.0100000000000002,-21.15333333333333,-12.946666666666665,8.416666666666666,,-4.723333333333334,-2.0599999999999996,-7.553333333333334,-1.8433333333333335,-3.2066666666666666,-4.8533333333333335,-0.6766666666666666,-5.046666666666667,-2.306666666666666,-5.613333333333333
2003-07-31,-1.6064516129032258,0.5483870967741934,-2.8161290322580648,-6.425806451612902,-1.4225806451612903,-10.67741935483871,,-9.104166666666664,1.7645161290322582,-18.480645161290322,-11.874193548387098,7.390322580645161,,-4.345161290322579,-2.1258064516129034,-7.090322580645162,-1.5258064516129033,-2.7387096774193544,-3.3096774193548386,-2.664516129032258,-4.64516129032258,-1.967741935483871,-4.348387096774193
2003-08-31,0.5419354838709676,3.6516129032258067,-1.5999999999999999,-5.732258064516128,-1.2225806451612902,-9.887096774193548,,-8.003225806451612,2.290322580645161,-20.012903225806454,-10.896774193548387,7.854838709677419,,-2.4709677419354836,-0.9870967741935485,-6.229032258064517,-0.19032258064516125,-1.332258064516129,-2.1516129032258067,-1.1903225806451612,-3.3870967741935485,-1.1322580645161289,-3.1677419354838703
2003-09-30,2.393333333333333,4.900000000000001,0.5800000000000001,-4.333333333333333,0.33333333333333337,-9.853333333333335,,-7.446666666666667,3.37,-18.063333333333333,-10.233333333333333,8.213333333333333,,-0.7599999999999999,2.056666666666667,-3.5400000000000005,1.1266666666666665,0.55,-0.2066666666666667,1.086666666666667,-0.7433333333333334,0.6500000000000001,-1.3500000000000003
2003-10-31,4.145161290322581,6.4709677419354845,1.703225806451613,-2.632258064516129,2.3129032258064517,-8.296774193548387,,-5.361290322580644,4.829032258064516,-16.051612903225806,-9.632258064516128,8.574193548387095,,0.009677419354838646,2.729032258064516,-2.561290322580645,2.570967741935484,1.2516129032258063,0.8193548387096773,1.6612903225806455,-0.4096774193548387,1.7580645161290325,1.5032258064516126
2003-11-30,4.306666666666667,7.3,2.4866666666666664,-1.55,2.5200000000000005,-7.146666666666666,,-4.869999999999999,5.2,-14.56,-8.533333333333333,8.193333333333333,,1.2000000000000002,3.77,-1.6000000000000003,3.143333333333333,2.3433333333333337,2.0900000000000003,2.8833333333333333,1.0833333333333333,2.85,2.4699999999999998
2003-12-31,4.896774193548386,8.287096774193548,4.412903225806452,1.9741935483870965,4.309677419354839,-3.693548387096774,,-1.6580645161290322,6.2774193548387105,-5.716129032258065,-4.670967741935483,8.674193548387096,,2.8612903225806443,5.267741935483871,1.5580645161290319,4.377419354838709,3.535483870967742,4.387096774193547,4.174193548387097,2.8419354838709676,4.690322580645161,4.3354838709677415
2004-01-31,6.141935483870968,8.922580645161291,4.974193548387096,3.9419354838709677,4.393548387096775,-0.4774193548387097,,1.209677419354839,6.47741935483871,0.9225806451612902,-0.05161290322580645,8.745161290322581,,3.667741935483871,5.535483870967742,3.4709677419354836,4.393548387096775,4.429032258064517,4.983870967741937,4.770967741935484,4.212903225806452,5.535483870967741,5.570967741935484
2004-02-29,5.296551724137931,8.068965517241379,4.062068965517242,3.2931034482758625,4.375862068965517,-1.006896551724138,,1.1586206896551725,6.555172413793104,-1.396551724137931,-1.089655172413793,8.355172413793102,,3.2,5.686206896551725,2.6758620689655164,4.479310344827587,4.241379310344827,4.844827586206897,3.9896551724137925,3.441379310344828,4.575862068965516,4.8758620689655165
2004-03-31,4.496774193548387,7.625806451612903,3.6129032258064524,2.9709677419354836,4.290322580645161,-1.5645161290322578,,1.3838709677419354,7.692592592592592,-2.158064516129032,-0.8645161290322579,9.116129032258064,,2.6580645161290315,5.522580645161291,1.7741935483870963,4.435483870967742,3.5064516129032253,3.9096774193548383,3.8806451612903228,2.412903225806452,3.787096774193548,3.825806451612902
2004-04-30,2.5333333333333337,6.316666666666667,1.6466666666666667,0.7366666666666666,2.2266666666666666,-3.653333333333334,,-0.8266666666666665,5.329999999999999,-6.526666666666667,-3.0,7.64,,1.35,5.4033333333333315,0.45666666666666667,3.543333333333334,2.3600000000000003,2.556666666666667,2.2066666666666666,1.236666666666667,3.11,2.3866666666666663
2004-05-31,0.39999999999999997,2.6838709677419357,-0.9133333333333333,-6.9322580645161285,-1.293548387096774,-11.087096774193547,,-8.709677419354838,1.4806451612903226,-10.919354838709678,-11.219354838709679,6.509677419354838,,-3.1258064516129025,0.5548387096774193,-6.458064516129032,0.47419354838709665,-1.538709677419355,-3.24516129032258,-0.11290322580645161,-3.9677419354838706,-1.5967741935483868,-3.116129032258064
2004-06-30,-1.2333333333333332,1.0966666666666665,-2.7000000000000006,-7.506666666666667,-1.7000000000000002,-11.866666666666664,,-9.110000000000001,1.2700000000000002,-14.096666666666666,-11.58,6.193333333333333,,-4.573333333333334,-0.27999999999999997,-7.136666666666667,-1.14,-2.3933333333333335,-3.6066666666666674,-0.4466666666666666,-4.846666666666667,-2.4266666666666667,-5.326666666666666
2004-07-31,-0.3612903225806449,1.5096774193548386,-2.500000000000001,-5.79032258064516,-1.5580645161290323,-9.974193548387097,,-7.719354838709676,1.5290322580645161,-10.322580645161292,-10.3741935483871,4.7387096774193544,,-4.4709677419354845,-0.1903225806451613,-7.2,-1.2096774193548387,-2.5709677419354837,-2.883870967741935,-2.9225806451612897,-4.409677419354838,-1.929032258064516,-3.358064516129032
2004-08-31,0.07741935483870964,2.2516129032258063,-2.07741935483871,-3.8806451612903223,0.4258064516129032,-8.480645161290322,,-6.009677419354839,3.62258064516129,-8.16774193548387,-8.187096774193549,7.290322580645161,,-2.648387096774193,0.3193548387096775,-4.338709677419355,0.009677419354838696,-0.5225806451612903,-1.0741935483870966,-0.8096774193548387,-2.464516129032258,-0.8096774193548386,-1.1677419354838707
2004-09-30,3.1866666666666665,6.300000000000001,1.18,-2.356666666666667,1.0799999999999998,-8.52,,-6.043333333333333,4.226666666666668,-11.203333333333331,-9.0,7.34,,-0.053333333333333253,2.8833333333333333,-2.619999999999999,2.496666666666667,1.7566666666666668,1.0533333333333332,1.033333333333333,-0.7699999999999999,0.6966666666666667,0.45
2004-10-31,4.767741935483871,7.2870967741935475,3.5419354838709682,-2.2999999999999994,1.1645161290322583,-8.541935483870969,,-5.674193548387096,4.374193548387097,-10.448387096774193,-9.264516129032257,7.8096774193548395,,1.0838709677419358,4.577419354838709,-1.2645161290322582,3.4548387096774196,2.9000000000000004,1.864516129032258,2.6774193548387104,0.8612903225806453,2.7967741935483876,1.3838709677419352
2004-11-30,4.839999999999999,7.730000000000001,3.713333333333334,-0.8866666666666666,1.8,-7.846666666666666,,-4.680000000000001,5.099999999999999,-9.5,-8.253333333333332,8.33,,1.7533333333333336,4.52,-0.0933333333333333,3.67,3.630000000000001,2.9433333333333334,3.526666666666667,1.5799999999999996,3.54,2.8533333333333326
2004-12-31,5.499999999999999,7.7709677419354835,3.625806451612904,2.238709677419355,2.5935483870967744,-3.632258064516129,,-1.9612903225806448,5.967741935483871,-6.132258064516129,-4.090322580645161,8.419354838709678,,2.5419354838709673,4.045161290322581,2.6258064516129034,4.712903225806452,3.6774193548387095,4.674193548387096,3.5903225806451613,2.4677419354838706,4.199999999999999,3.7903225806451615
2005-01-31,5.587096774193548,8.593548387096776,4.690322580645161,3.4677419354838706,3.532258064516129,-1.9709677419354839,,0.37419354838709673,6.4709677419354845,-0.9612903225806452,-2.2193548387096773,8.480645161290324,,2.8451612903225807,4.9870967741935495,3.4322580645161294,5.006451612903226,4.22258064516129,4.645161290322582,4.803225806451613,2.8258064516129036,5.3096774193548395,4.409677419354839
2005-02-28,6.264285714285714,8.87142857142857,4.45,3.7571428571428576,3.807142857142857,-0.0642857142857143,,2.307142857142857,7.253571428571428,-0.09285714285714285,0.4785714285714286,9.532142857142858,,3.060714285714286,5.075,4.232142857142857,4.614285714285714,4.517857142857143,5.1642857142857155,4.5,2.9857142857142853,5.278571428571428,4.778571428571429
2005-03-31,5.654838709677421,8.53225806451613,4.090322580645162,3.190322580645161,3.0548387096774197,-1.174193548387097,,1.4032258064516132,6.341935483870968,-2.132258064516129,-1.2451612903225806,8.42258064516129,,2.103225806451613,4.790322580645161,3.4645161290322584,4.683870967741935,3.8290322580645157,4.016129032258066,3.864516129032258,1.7516129032258063,3.8000000000000003,3.7806451612903227
2005-04-30,3.0200000000000005,6.133333333333334,,0.7533333333333334,2.02,-3.4533333333333336,,-1.3999999999999997,5.72,-4.463333333333333,-3.2857142857142856,8.37,,0.8933333333333332,3.726666666666667,1.9933333333333334,3.8,2.7033333333333336,2.8499999999999996,1.866666666666667,0.11333333333333334,2.873333333333333,2.7533333333333325
2005-05-31,2.4516129032258065,2.7451612903225806,-1.5419354838709676,-5.980645161290322,-1.1161290322580646,-10.264516129032257,,-7.570967741935484,2.583870967741936,-11.732258064516131,-10.406451612903227,6.948387096774194,,-3.2935483870967737,-0.7387096774193549,-5.1483870967741945,0.15483870967741933,-0.7709677419354839,-1.9580645161290327,-0.26129032258064516,-4.587096774193548,-0.5096774193548387,-2.235483870967742
2005-06-30,0.26333333333333314,0.6633333333333333,-3.033333333333333,-9.756666666666668,-2.4200000000000004,-14.493333333333336,,-11.303333333333336,0.2833333333333333,-16.353333333333335,-13.606666666666667,4.6,,-6.196666666666668,-1.9833333333333334,-9.53,-2.0433333333333334,-3.0666666666666673,-5.366666666666668,-1.38,-6.97,-3.0133333333333336,-5.123333333333333
2005-07-31,0.8677419354838708,1.1258064516129034,-2.8580645161290317,-7.425806451612905,-0.9451612903225806,-12.274193548387093,,-9.629032258064514,1.567741935483871,-11.516129032258066,-11.251612903225805,5.22258064516129,,-3.8096774193548386,-0.4903225806451613,-7.264516129032257,-0.8838709677419354,-1.8774193548387093,-2.9612903225806453,-3.4451612903225812,-8.129032258064514,-1.961290322580645,-3.9612903225806444
2005-08-31,2.6677419354838707,2.335483870967742,-2.1870967741935488,-8.251612903225807,-1.2032258064516128,-14.235483870967743,,-10.577419354838709,2.1258064516129034,-16.38709677419355,-12.651612903225805,4.645161290322582,,-4.338709677419355,-0.8709677419354838,-8.14516129032258,-1.4580645161290327,-1.6290322580645162,-3.674193548387097,-2.435483870967742,-7.083870967741936,-1.9741935483870967,-3.412903225806451
2005-09-30,4.733333333333333,5.183333333333334,1.02,-3.566666666666667,0.26666666666666666,-8.653333333333332,,-6.88,2.9200000000000004,-8.949999999999998,-8.906666666666666,6.420000000000001,,-0.42333333333333345,1.5633333333333332,-2.6599999999999997,1.5133333333333332,1.1633333333333333,-0.11999999999999995,0.5800000000000001,-2.4600000000000004,1.1266666666666665,-0.15666666666666668
2005-10-31,7.4322580645161285,7.919354838709677,3.6064516129032262,-1.8161290322580643,1.4064516129032258,-8.167741935483871,,-5.867741935483871,3.503225806451613,-9.890322580645162,-8.509677419354837,7.803225806451613,,1.935483870967742,3.9032258064516125,0.8645161290322579,3.0838709677419347,3.3935483870967738,3.0580645161290323,3.30967741935484,1.37741935483871,3.606451612903226,1.7129032258064514
2005-11-30,5.123333333333334,7.506666666666669,3.6466666666666674,-0.78,1.6233333333333335,-6.363333333333334,,-4.55,4.426666666666667,-7.3966666666666665,-6.719999999999999,8.066666666666666,,2.0266666666666664,4.233333333333333,0.7766666666666668,2.9466666666666663,3.4533333333333327,3.52,3.5733333333333346,3.17,3.800000000000001,2.316666666666667
2005-12-31,8.277419354838708,8.390322580645162,5.051612903225807,2.5903225806451617,3.416129032258065,-2.935483870967742,,-0.3064516129032258,5.461290322580646,-2.2806451612903227,-2.2258064516129026,8.370967741935484,,2.083870967741935,4.761290322580644,2.0064516129032257,3.8774193548387093,3.8290322580645157,4.3999999999999995,3.9000000000000004,3.7419354838709675,5.064516129032259,3.712903225806452
2006-01-31,8.258064516129034,8.403225806451612,4.761290322580645,3.825806451612903,5.206451612903226,-1.1806451612903226,,0.996774193548387,6.083870967741936,-0.41612903225806447,-0.32903225806451625,8.89032258064516,,2.938709677419355,4.116129032258065,3.406451612903226,4.27741935483871,4.212903225806452,4.335483870967742,4.306451612903226,3.580645161290323,4.8838709677419345,3.9032258064516134
2006-02-28,7.328571428571429,7.864285714285715,4.692857142857144,3.617857142857143,4.45,-0.8214285714285714,,2.0678571428571426,6.7821428571428575,-0.7249999999999999,-0.07857142857142858,9.146428571428572,,2.971428571428572,4.903571428571428,3.6964285714285716,4.757142857142857,4.446428571428571,4.5,4.007142857142857,3.4964285714285714,4.628571428571429,3.621428571428571
2006-03-31,7.603225806451612,8.422580645161291,4.161290322580645,4.358064516129031,4.906451612903225,0.07096774193548387,,2.603225806451613,6.85483870967742,-0.22580645161290322,0.8903225806451613,9.287096774193548,,2.883870967741936,4.206451612903226,4.058064516129033,4.703225806451612,4.109677419354838,4.1322580645161295,4.038709677419355,3.451612903225806,4.393548387096774,3.7677419354838713
2006-04-30,6.260000000000002,6.736666666666666,2.9233333333333342,1.1600000000000001,2.7033333333333336,-2.893333333333333,,-0.5800000000000001,4.761538461538462,-5.11,-2.9866666666666672,7.08,,1.396666666666667,2.69,1.7166666666666666,2.7466666666666666,2.6566666666666667,1.5633333333333335,1.4699999999999998,0.9866666666666666,1.9533333333333334,1.5199999999999998
2006-05-31,0.6161290322580646,1.1580645161290322,-1.9548387096774194,-6.141935483870968,-0.7741935483870968,-9.858064516129032,,-7.316129032258066,1.65,-12.174193548387098,-9.832258064516129,5.754838709677419,,-3.9032258064516125,-1.7161290322580647,-5.890322580645161,-1.5290322580645161,-1.4677419354838706,-3.0999999999999996,-1.3451612903225807,-3.867741935483871,-2.193548387096774,-3.2129032258064516
2006-06-30,2.2566666666666664,2.1133333333333337,-0.8733333333333332,-7.459999999999999,-1.1233333333333333,-11.633333333333335,,-8.333333333333334,1.2999999999999998,-13.92,-11.873333333333333,6.1033333333333335,,-3.3499999999999996,-0.87,-5.97,-1.9266666666666665,-1.37,-3.67,0.5066666666666666,-3.8766666666666665,-1.6333333333333333,-2.4566666666666666
2006-07-31,0.07096774193548379,0.9,-3.9161290322580653,-9.003225806451614,-1.7000000000000002,-13.148387096774194,,-9.061290322580644,,-16.096774193548384,-12.993548387096773,4.541935483870969,,-5.474193548387096,-2.219354838709677,-8.683870967741937,-4.0774193548387085,-3.1548387096774193,-5.083870967741936,-4.44516129032258,-5.974193548387096,-3.5999999999999996,-4.59032258064516
2006-08-31,3.4580645161290318,3.9741935483870967,-0.02580645161290322,-5.441935483870968,0.1064516129032258,-10.361290322580645,,-6.95483870967742,,-12.82258064516129,-10.2258064516129,5.867741935483872,,-1.880645161290323,1.7806451612903227,-5.2548387096774185,0.3096774193548387,0.10322580645161289,-0.3903225806451614,-0.27419354838709675,-2.070967741935484,-0.2709677419354839,-1.2999999999999998
2006-09-30,4.760000000000001,5.516666666666666,0.6866666666666666,-5.256666666666669,0.31333333333333335,-10.473333333333334,,-7.373333333333333,,-12.013333333333332,-10.719999999999997,5.943333333333334,,-1.5533333333333337,3.246666666666667,-4.36,1.7399999999999995,0.8966666666666667,-0.6199999999999999,0.4133333333333333,-0.8733333333333331,0.9600000000000001,-0.3033333333333334
2006-10-31,6.535483870967742,7.219354838709679,3.3225806451612914,-2.648387096774193,1.9258064516129034,-7.1483870967741945,,-4.8677419354838705,5.184615384615385,-8.780645161290321,-7.8903225806451625,7.541935483870967,,1.5548387096774192,3.661290322580645,-0.19999999999999998,3.4322580645161285,2.754838709677419,2.5612903225806454,2.812903225806452,1.6645161290322577,3.1870967741935488,2.3741935483870966
2006-11-30,7.5,7.763333333333334,3.5466666666666673,0.5399999999999999,3.67,-3.0533333333333337,,-1.1233333333333333,5.420000000000001,-4.663333333333332,-3.76,8.436666666666667,,2.316666666666666,4.959999999999999,2.6566666666666663,4.553333333333334,3.913333333333334,4.2733333333333325,3.626666666666667,2.7766666666666664,4.08,3.39
2006-12-31,6.861290322580645,,3.9354838709677424,0.9387096774193547,3.603225806451613,-2.9741935483870963,,-1.5064516129032255,5.632258064516129,-4.841935483870968,-4.619354838709678,8.412903225806453,,3.029032258064517,5.2451612903225815,1.8838709677419354,4.296774193548388,4.083870967741936,4.432258064516129,4.196774193548387,3.92258064516129,5.077419354838709,3.8387096774193554
2007-01-31,8.238709677419353,8.938709677419354,5.232258064516129,3.0548387096774183,4.861290322580646,-0.6580645161290322,,1.3967741935483873,7.358064516129032,-1.4161290322580644,-0.664516129032258,9.329032258064515,,3.5580645161290323,5.683870967741936,3.3161290322580643,4.690322580645161,4.554838709677419,5.199999999999999,5.1967741935483875,3.9516129032258065,5.193548387096774,3.9612903225806457
2007-02-28,7.857142857142857,8.95,5.121428571428572,3.067857142857143,4.735714285714286,-1.1642857142857144,,1.3571428571428572,6.2321428571428585,-1.95,-0.6142857142857142,8.02142857142857,,3.1678571428571423,5.314285714285714,3.675,4.507142857142857,4.542857142857143,4.935714285714285,4.4714285714285715,3.6,4.942857142857143,4.021428571428571
2007-03-31,7.274193548387097,8.419354838709678,4.741935483870968,4.803225806451613,5.435483870967741,0.08387096774193548,,2.190322580645161,6.841935483870969,-0.27741935483870966,0.2903225806451613,8.74516129032258,,2.793548387096774,5.364516129032258,3.3612903225806456,4.193548387096774,4.403225806451613,4.16774193548387,4.461290322580645,3.693548387096774,4.596774193548387,4.251612903225806
2007-04-30,5.790000000000002,6.923333333333333,3.063333333333334,2.1,3.013333333333334,-2.5000000000000004,,-0.6966666666666667,6.253333333333333,-5.86,-2.42,7.989999999999999,,1.76,4.2333333333333325,2.32,3.2999999999999994,3.566666666666667,3.233333333333333,2.6566666666666663,2.246666666666667,2.966666666666667,2.9299999999999997
2007-05-31,3.1000000000000005,3.916129032258064,0.6580645161290323,-3.303225806451613,0.3870967741935483,-6.696774193548387,,-5.029032258064516,3.0032258064516126,-8.080645161290322,-7.490322580645162,7.0129032258064505,,-1.0516129032258064,1.6064516129032256,-1.8580645161290321,2.4838709677419355,1.435483870967742,0.6612903225806452,1.264516129032258,-0.6225806451612903,1.0,-0.31290322580645163
2007-06-30,0.9333333333333333,1.38,-2.8466666666666662,-5.716666666666667,-0.04,-9.9,,-6.836666666666668,2.9433333333333334,-12.606666666666667,-9.486666666666668,7.276666666666668,,-3.903333333333334,-0.8099999999999999,-4.936666666666667,0.006666666666666665,-1.28,-2.503333333333333,0.3066666666666666,-3.8899999999999997,-1.5466666666666666,-3.1433333333333326
2007-07-31,1.574193548387097,2.02258064516129,-1.806451612903226,-7.190322580645161,-1.461290322580645,-11.825806451612902,,-9.003225806451612,1.7645161290322584,-12.66451612903226,-11.606451612903227,5.480645161290322,,-3.048387096774194,-1.2354838709677418,-6.129032258064515,-1.2451612903225804,-1.2548387096774196,-2.7483870967741932,-2.180645161290323,-3.8129032258064517,-1.6387096774193548,-3.183870967741936
2007-08-31,2.2129032258064516,3.116129032258064,-1.2935483870967743,-6.287096774193548,-0.6806451612903226,-11.0,,-7.687096774193548,2.567741935483872,-10.641935483870967,-10.800000000000002,6.832258064516131,,-2.7258064516129026,0.6838709677419356,-5.00967741935484,1.490322580645161,-0.7032258064516128,-1.7129032258064516,-0.8548387096774194,-3.177419354838709,-1.096774193548387,-1.1096774193548387
2007-09-30,4.533333333333332,5.693333333333333,1.0533333333333332,-1.5733333333333335,2.3266666666666675,-6.44,,-3.87,5.12,-8.146666666666667,-6.879999999999999,7.913333333333335,,0.9199999999999999,3.630000000000001,0.45999999999999996,2.673333333333333,2.61,2.2800000000000002,1.5933333333333333,1.1066666666666665,1.68,1.6600000000000001
2007-10-31,6.3161290322580665,6.887096774193548,2.925806451612903,-2.0,1.8387096774193545,-6.961290322580645,,-4.62258064516129,4.63548387096774,-9.619354838709679,-7.187096774193548,7.429032258064518,,0.8290322580645162,3.3741935483870966,-0.30322580645161284,3.174193548387097,2.3483870967741933,2.903225806451613,2.2129032258064516,1.0935483870967744,2.5483870967741935,2.0709677419354837
2007-11-30,6.5200000000000005,7.213333333333333,3.8100000000000005,-1.883333333333333,1.6733333333333336,-7.066666666666667,,-5.166666666666667,5.666666666666668,-9.573333333333332,-7.66,8.239999999999998,,0.9466666666666665,3.113333333333334,-0.5566666666666669,3.173333333333333,2.52,2.56,2.7333333333333334,0.8733333333333334,2.88,1.9666666666666666
2007-12-31,7.309677419354838,7.709677419354839,4.480645161290322,1.0096774193548388,2.9677419354838714,-4.16,,-1.651612903225806,4.425806451612904,-4.303225806451613,-4.238709677419355,7.7129032258064525,,1.7451612903225804,3.5580645161290327,1.2032258064516128,3.7806451612903222,3.45483870967742,3.8,3.2677419354838713,2.4774193548387102,4.161290322580645,3.1870967741935483
2008-01-31,7.832258064516129,8.487096774193548,5.719354838709677,4.141935483870968,5.141935483870969,-0.1548387096774194,,2.1451612903225805,6.9161290322580635,0.035483870967741936,0.48387096774193555,8.63225806451613,,3.696774193548388,4.716129032258064,4.925806451612904,4.361290322580646,4.435483870967741,4.651612903225807,4.887096774193548,3.8806451612903223,5.296774193548388,5.154838709677418
2008-02-29,6.323076923076922,7.555172413793104,4.527586206896552,3.0551724137931044,4.248275862068965,-1.3214285714285716,,0.9103448275862068,5.3103448275862055,-3.089655172413793,-0.7999999999999999,7.86206896551724,,2.637931034482759,2.589655172413793,3.56551724137931,4.0344827586206895,3.3793103448275863,4.137931034482759,3.024137931034483,2.6413793103448278,3.820689655172414,3.1517241379310343
2008-03-31,6.54516129032258,7.34516129032258,4.567741935483871,2.8741935483870966,3.319354838709678,-2.5806451612903225,,0.16129032258064516,6.306451612903224,-3.3741935483870966,-2.1806451612903226,7.548387096774195,,1.7741935483870968,2.125806451612903,2.664516129032258,2.987096774193548,2.8548387096774195,1.764516129032258,2.9967741935483874,1.8677419354838707,2.767741935483871,3.351612903225807
2008-04-30,4.7,5.840000000000001,2.85,-2.0533333333333332,0.9033333333333332,-7.513333333333334,,-4.503333333333332,3.54,-9.596666666666666,-7.846666666666668,5.04,,-0.37999999999999995,1.14,-1.5533333333333337,2.4266666666666667,1.4033333333333335,-0.5033333333333333,1.0266666666666666,-0.5066666666666666,1.2533333333333332,0.7499999999999999
2008-05-31,2.032258064516129,2.4838709677419355,-0.4548387096774194,-7.22258064516129,-1.606451612903226,-11.58709677419355,,-8.709677419354838,0.7967741935483869,-14.138709677419353,-11.509677419354837,4.151612903225807,,-4.570967741935483,-1.7870967741935484,-7.070967741935482,-0.8903225806451613,-1.8096774193548386,-4.0354838709677425,-1.3193548387096776,-4.616129032258065,-1.7032258064516128,-3.3129032258064512
2008-06-30,1.4000000000000001,1.3966666666666663,-1.5466666666666669,-7.629999999999999,-1.7233333333333334,-12.446666666666667,,-9.03,0.9533333333333334,-14.540000000000001,-11.693333333333332,4.616666666666666,,-4.426666666666667,-0.7133333333333333,-5.826666666666666,-1.166666666666667,-2.48,-3.786666666666667,-0.0866666666666667,-5.246666666666666,-2.1399999999999997,-3.5333333333333328
2008-07-31,0.5451612903225808,1.3903225806451613,-2.261290322580645,-8.95483870967742,-1.8354838709677421,-13.425806451612903,,-10.006451612903225,1.0129032258064519,-15.85483870967742,-12.703225806451615,4.245161290322581,,-5.425806451612904,-2.7806451612903222,-7.722580645161291,-2.374193548387097,-3.3258064516129027,-4.9161290322580635,-4.032258064516129,-5.922580645161291,-3.1548387096774193,-4.2774193548387105
2008-08-31,2.7225806451612904,3.1419354838709674,0.15161290322580648,-7.661290322580647,-1.6129032258064515,-12.974193548387095,,-9.848387096774195,1.4838709677419353,-15.290322580645162,-12.948387096774193,4.887096774193548,,-3.77741935483871,0.9032258064516131,-6.580645161290324,-1.1870967741935485,-1.2967741935483872,-4.2935483870967746,-1.3709677419354838,-4.848387096774194,-1.832258064516129,-3.3774193548387097
2008-09-30,4.8533333333333335,5.216666666666667,1.4133333333333333,-6.986666666666666,-0.51,-12.066666666666666,,-8.843333333333334,2.0033333333333334,-14.436666666666667,-11.973333333333331,4.996666666666666,,-1.9266666666666663,0.8099999999999999,-4.466666666666668,0.5133333333333333,0.39666666666666667,-1.1733333333333333,0.44666666666666666,-1.8599999999999997,-0.1866666666666666,-1.4033333333333333
2008-10-31,6.474193548387097,7.616129032258065,4.0290322580645155,-0.9806451612903223,2.2225806451612904,-7.064516129032258,,-4.441935483870968,4.396774193548388,-9.038709677419355,-6.967741935483872,7.4064516129032265,,1.503225806451613,4.987096774193549,0.7612903225806452,3.3806451612903228,3.3064516129032264,2.4838709677419355,2.903225806451613,1.9387096774193546,2.806451612903226,2.309677419354838
2008-11-30,6.58,7.396666666666667,4.016666666666667,-1.2500000000000002,2.486666666666667,-6.76,,-4.3566666666666665,4.76,-9.663333333333334,-7.793333333333332,7.24,,1.9233333333333333,4.146666666666667,-1.5399999999999996,4.54,3.3666666666666667,3.313333333333333,2.933333333333333,2.0733333333333337,3.586666666666667,2.283333333333333
2008-12-31,7.767741935483872,8.380645161290321,5.316129032258064,2.4870967741935486,3.5387096774193543,-2.3741935483870966,,-0.41612903225806436,4.180645161290323,-3.7483870967741932,-2.670967741935484,7.264516129032257,,2.9225806451612897,4.538709677419353,2.6451612903225805,4.387096774193546,4.135483870967742,4.580645161290324,3.9580645161290313,2.887096774193548,4.238709677419355,3.9225806451612906
2009-01-31,7.47741935483871,8.7,5.2709677419354835,3.970967741935484,4.65483870967742,-2.0258064516129033,,0.5064516129032258,6.251612903225807,-3.235483870967742,-1.7999999999999998,7.83225806451613,,3.380645161290322,4.95483870967742,2.8451612903225807,4.219354838709678,4.338709677419355,4.219354838709678,4.732258064516129,3.3387096774193545,4.864516129032258,4.122580645161291
2009-02-28,7.610714285714285,8.367857142857144,5.203571428571428,4.046428571428572,4.967857142857143,-0.4071428571428571,,1.589285714285714,6.778571428571428,-0.8214285714285714,0.2,8.335714285714285,,3.617857142857143,5.625,3.142857142857143,4.114285714285714,4.25,4.535714285714286,3.707142857142857,2.9928571428571433,4.3500000000000005,4.446428571428571
2009-03-31,6.980645161290322,8.170967741935485,4.856666666666666,3.5133333333333336,3.7258064516129035,-1.7419354838709675,,0.3806451612903226,6.129032258064515,-3.7161290322580647,-1.6774193548387095,7.564516129032257,,2.4096774193548387,4.983870967741934,2.2193548387096773,3.5935483870967744,3.63225806451613,3.264516129032258,3.4967741935483883,2.32258064516129,3.3483870967741938,3.496774193548387
2009-04-30,5.373333333333334,6.910000000000001,4.258333333333334,0.4466666666666666,2.653333333333334,-3.546666666666667,,-1.7400000000000004,5.026666666666667,-6.496666666666667,-3.286666666666667,7.03,,0.2699999999999998,3.3699999999999997,0.6333333333333334,1.9,2.1233333333333335,0.9633333333333335,0.9700000000000002,0.19333333333333338,1.2666666666666664,1.1199999999999999
2009-05-31,3.0903225806451617,3.8483870967741933,0.45000000000000007,-3.9935483870967743,-0.038709677419354833,-8.470967741935485,,-6.199999999999999,3.270967741935484,-11.916129032258064,-8.864516129032257,6.012903225806451,,-1.4612903225806455,0.4548387096774194,-3.2419354838709675,1.2000000000000002,0.1709677419354838,-1.5,0.40967741935483876,-2.296774193548387,-0.7612903225806453,-1.8451612903225807
2009-06-30,0.98,0.94,-1.7733333333333332,-9.91333333333333,-2.5066666666666673,-13.453333333333331,,-10.636666666666665,0.83,-17.23,-13.440000000000001,4.38,,-5.87,-2.8666666666666667,-7.9866666666666655,-2.0466666666666664,-3.4266666666666663,-5.853333333333333,-1.62,-6.62,-3.533333333333333,-5.763333333333334
2009-07-31,1.4774193548387096,1.606451612903226,-0.6612903225806451,-6.477419354838709,-1.0129032258064514,-11.419354838709678,,-8.22258064516129,1.8580645161290326,-10.951612903225806,-11.019354838709676,5.580645161290322,,-3.7322580645161296,-0.8774193548387099,-5.193548387096774,-0.05161290322580644,-2.003225806451613,-2.929032258064516,-3.709677419354838,-4.661290322580645,-1.7548387096774187,-2.7419354838709675
2009-08-31,2.5774193548387094,2.7161290322580642,-0.4133333333333333,-7.587096774193548,-1.6387096774193548,-12.554838709677421,,-9.519354838709678,1.1483870967741936,-15.587096774193547,-12.2,4.890322580645161,,-4.8032258064516125,-2.509677419354839,-6.6580645161290315,-1.335483870967742,-2.5967741935483866,-3.725806451612903,-3.0612903225806454,-5.609677419354839,-2.393548387096774,-4.37741935483871
2009-09-30,5.1800000000000015,5.546666666666667,1.5066666666666668,-3.453333333333333,1.0133333333333332,-9.493333333333334,,-6.066666666666666,3.94,-11.136666666666667,-8.320000000000002,7.473333333333332,,0.19333333333333336,3.7166666666666663,-2.506666666666667,2.0133333333333336,1.2733333333333334,0.3400000000000001,0.44666666666666666,-0.6566666666666666,1.1866666666666665,-0.23333333333333345
2009-10-31,6.12258064516129,7.154838709677419,2.6032258064516127,-1.438709677419355,2.3806451612903223,-7.638709677419356,,-4.854838709677419,5.241935483870969,-10.451612903225806,-7.587096774193548,8.945161290322579,,0.6903225806451614,3.4838709677419355,-0.6903225806451612,3.051612903225806,2.6967741935483867,2.0129032258064514,2.2193548387096773,0.5741935483870968,2.5548387096774197,2.009677419354839
2009-11-30,8.066666666666666,8.863333333333335,5.92,1.5800000000000003,3.7533333333333334,-3.1300000000000003,,-0.8966666666666666,6.659999999999999,-3.6533333333333333,-3.093333333333333,9.7,,3.0366666666666666,5.646666666666665,2.686666666666667,4.64,4.409999999999999,4.699999999999999,4.266666666666667,3.68,5.04,4.36
2009-12-31,8.15483870967742,8.703225806451611,5.335483870967742,2.4064516129032265,3.696774193548388,-2.7806451612903227,,-1.1935483870967742,6.4322580645161285,-2.9612903225806453,-3.496774193548388,10.106451612903225,,3.296774193548387,5.396774193548387,2.6838709677419357,5.24516129032258,4.696774193548385,5.3354838709677415,4.990322580645161,3.6999999999999993,5.348387096774193,4.061290322580645
2010-01-31,8.264516129032257,8.741935483870968,5.564516129032258,4.941935483870967,5.083870967741936,-0.43870967741935485,,1.8903225806451611,7.348387096774192,-0.567741935483871,-0.10322580645161292,9.648387096774195,,3.7032258064516133,5.361290322580646,4.6000000000000005,6.070967741935484,4.741935483870968,5.593548387096775,5.300000000000002,4.2451612903225815,5.509677419354839,5.370967741935485
2010-02-28,7.714285714285714,8.707142857142857,5.578571428571428,5.885714285714285,6.464285714285715,3.9650822308041306e-17,,2.807142857142858,8.02142857142857,0.4892857142857143,1.3214285714285714,10.200000000000003,,3.771428571428571,5.910714285714286,4.8,6.1499999999999995,5.05,5.9142857142857155,5.428571428571429,4.560714285714286,5.857142857142857,5.0321428571428575
2010-03-31,8.36774193548387,9.019354838709676,5.638709677419355,3.612903225806452,5.161290322580645,-0.3266666666666667,,1.4677419354838712,7.606451612903225,-2.4645161290322584,-0.33548387096774196,9.629032258064514,,2.8419354838709685,6.016129032258065,4.032258064516129,5.2774193548387105,4.038709677419355,4.774193548387097,4.4,2.812903225806452,4.264516129032258,4.351612903225807
2010-04-30,5.476666666666666,6.336666666666665,3.6099999999999994,1.7166666666666666,3.5566666666666666,-2.6533333333333333,,-0.8133333333333332,6.38,-6.403333333333333,-3.5466666666666673,8.819999999999999,,1.3999999999999997,4.9366666666666665,1.4199999999999995,3.7133333333333334,2.6,2.696666666666666,2.3133333333333335,0.5266666666666667,1.9466666666666668,2.0366666666666666
2010-05-31,3.5677419354838715,4.061290322580645,1.5225806451612904,-2.6193548387096777,1.2387096774193547,-6.793548387096773,,-4.8903225806451625,3.7225806451612904,-9.238709677419356,-6.883870967741936,7.22258064516129,,-1.3064516129032262,2.225806451612903,-2.451612903225806,0.8903225806451612,0.7129032258064517,-0.5387096774193549,1.164516129032258,-2.2064516129032263,0.432258064516129,-0.5999999999999999
2010-06-30,1.7533333333333334,2.17,-0.89,-4.83,0.6699999999999999,-9.159999999999998,,-6.54,2.8241379310344827,-10.443333333333332,-9.06,6.679999999999998,,-2.576666666666666,0.22999999999999998,-4.64,0.019999999999999973,-0.98,-2.1133333333333333,1.0733333333333333,-3.82,-0.9533333333333333,-1.9133333333333333
2010-07-31,1.2129032258064514,1.425806451612903,-1.8032258064516131,-7.945161290322582,-1.6064516129032262,-13.290322580645162,,-10.490322580645163,0.009677419354838714,-14.890322580645162,-13.025806451612903,3.832258064516129,,-4.983870967741935,-1.7290322580645159,-7.9548387096774205,-1.670967741935484,-2.5354838709677425,-3.9612903225806457,-2.8193548387096774,-5.964516129032259,-2.8064516129032255,-4.280645161290322
2010-08-31,1.4774193548387096,2.6741935483870964,-2.029032258064516,-5.367741935483871,0.44193548387096776,-11.406451612903224,,-7.961290322580645,2.4903225806451608,-13.229032258064517,-11.012903225806452,5.858064516129032,,-3.5258064516129033,-1.161290322580645,-5.9870967741935495,-0.41290322580645156,-1.5096774193548386,-2.396774193548387,-1.429032258064516,-4.741935483870968,-1.9161290322580646,-3.464516129032259
2010-09-30,4.8933333333333335,5.466666666666667,1.3299999999999998,-3.7633333333333336,1.5166666666666668,-9.609999999999998,,-6.333333333333333,3.453333333333333,-10.28,-9.42,7.053333333333334,,-0.5633333333333332,1.79,-3.38,1.1066666666666667,0.6766666666666666,0.17333333333333334,0.38,-2.18,0.3400000000000001,-1.2066666666666668
2010-10-31,6.922580645161291,7.274193548387097,3.4387096774193546,-2.487096774193548,1.9580645161290324,-8.058064516129033,,-5.519354838709678,3.1419354838709674,-9.729032258064517,-8.64516129032258,7.661290322580645,,1.403225806451613,3.6838709677419357,-0.42580645161290315,3.35483870967742,2.664516129032258,2.6000000000000005,2.5806451612903225,1.1741935483870967,2.870967741935484,1.7870967741935484
2010-11-30,6.8533333333333335,6.7733333333333325,3.8666666666666667,-1.883333333333333,1.5966666666666667,-7.825,,-6.2733333333333325,2.0100000000000002,-12.219999999999999,-9.666666666666668,7.25,,1.2199999999999998,3.7900000000000005,-1.5333333333333337,3.6599999999999997,2.6266666666666665,1.9066666666666665,2.9200000000000004,0.3266666666666666,2.3200000000000003,1.2966666666666669
2010-12-31,7.683870967741936,7.780645161290321,5.0935483870967735,2.035483870967742,4.141935483870968,-1.6064516129032256,,-0.08064516129032258,4.703225806451612,-2.3,-2.6709677419354843,7.787096774193548,,2.6967741935483875,5.280645161290321,3.2838709677419358,5.2,3.8645161290322574,5.070967741935482,3.9709677419354836,2.9870967741935486,4.754838709677419,2.0387096774193543
